일월 일일,1月1日
일월 이일,1月2日
일월 삼일,1月3日
일월 사일,1月4日
일월 오일,1月5日
일월 육일,1月6日
일월 칠일,1月7日
일월 팔일,1月8日
일월 구일,1月9日
일월 일십일,1月10日
일월 일십 일일,1月11日
일월 일십 이일,1月12日
일월 일십 삼일,1月13日
일월 일십 사일,1月14日
일월 일십 오일,1月15日
일월 일십 육일,1月16日
일월 일십 칠일,1月17日
일월 일십 팔일,1月18日
일월 일십 구일,1月19日
일월 이십일,1月20日
일월 이십 일일,1月21日
일월 이십 이일,1月22日
일월 이십 삼일,1月23日
일월 이십 사일,1月24日
일월 이십 오일,1月25日
일월 이십 육일,1月26日
일월 이십 칠일,1月27日
일월 이십 팔일,1月28日
일월 이십 구일,1月29日
일월 삼십일,1月30日
일월 삼십 일일,1月31日
이월 일일,2月1日
이월 이일,2月2日
이월 삼일,2月3日
이월 사일,2月4日
이월 오일,2月5日
이월 육일,2月6日
이월 칠일,2月7日
이월 팔일,2月8日
이월 구일,2月9日
이월 일십일,2月10日
이월 일십 일일,2月11日
이월 일십 이일,2月12日
이월 일십 삼일,2月13日
이월 일십 사일,2月14日
이월 일십 오일,2月15日
이월 일십 육일,2月16日
이월 일십 칠일,2月17日
이월 일십 팔일,2月18日
이월 일십 구일,2月19日
이월 이십일,2月20日
이월 이십 일일,2月21日
이월 이십 이일,2月22日
이월 이십 삼일,2月23日
이월 이십 사일,2月24日
이월 이십 오일,2月25日
이월 이십 육일,2月26日
이월 이십 칠일,2月27日
이월 이십 팔일,2月28日
이월 이십 구일,2月29日
삼월 일일,3月1日
삼월 이일,3月2日
삼월 삼일,3月3日
삼월 사일,3月4日
삼월 오일,3月5日
삼월 육일,3月6日
삼월 칠일,3月7日
삼월 팔일,3月8日
삼월 구일,3月9日
삼월 일십일,3月10日
삼월 일십 일일,3月11日
삼월 일십 이일,3月12日
삼월 일십 삼일,3月13日
삼월 일십 사일,3月14日
삼월 일십 오일,3月15日
삼월 일십 육일,3月16日
삼월 일십 칠일,3月17日
삼월 일십 팔일,3月18日
삼월 일십 구일,3月19日
삼월 이십일,3月20日
삼월 이십 일일,3月21日
삼월 이십 이일,3月22日
삼월 이십 삼일,3月23日
삼월 이십 사일,3月24日
삼월 이십 오일,3月25日
삼월 이십 육일,3月26日
삼월 이십 칠일,3月27日
삼월 이십 팔일,3月28日
삼월 이십 구일,3月29日
삼월 삼십일,3月30日
삼월 삼십 일일,3月31日
사월 일일,4月1日
사월 이일,4月2日
사월 삼일,4月3日
사월 사일,4月4日
사월 오일,4月5日
사월 육일,4月6日
사월 칠일,4月7日
사월 팔일,4月8日
사월 구일,4月9日
사월 일십일,4月10日
사월 일십 일일,4月11日
사월 일십 이일,4月12日
사월 일십 삼일,4月13日
사월 일십 사일,4月14日
사월 일십 오일,4月15日
사월 일십 육일,4月16日
사월 일십 칠일,4月17日
사월 일십 팔일,4月18日
사월 일십 구일,4月19日
사월 이십일,4月20日
사월 이십 일일,4月21日
사월 이십 이일,4月22日
사월 이십 삼일,4月23日
사월 이십 사일,4月24日
사월 이십 오일,4月25日
사월 이십 육일,4月26日
사월 이십 칠일,4月27日
사월 이십 팔일,4月28日
사월 이십 구일,4月29日
사월 삼십일,4月30日
오월 일일,5月1日
오월 이일,5月2日
오월 삼일,5月3日
오월 사일,5月4日
오월 오일,5月5日
오월 육일,5月6日
오월 칠일,5月7日
오월 팔일,5月8日
오월 구일,5月9日
오월 일십일,5月10日
오월 일십 일일,5月11日
오월 일십 이일,5月12日
오월 일십 삼일,5月13日
오월 일십 사일,5月14日
오월 일십 오일,5月15日
오월 일십 육일,5月16日
오월 일십 칠일,5月17日
오월 일십 팔일,5月18日
오월 일십 구일,5月19日
오월 이십일,5月20日
오월 이십 일일,5月21日
오월 이십 이일,5月22日
오월 이십 삼일,5月23日
오월 이십 사일,5月24日
오월 이십 오일,5月25日
오월 이십 육일,5月26日
오월 이십 칠일,5月27日
오월 이십 팔일,5月28日
오월 이십 구일,5月29日
오월 삼십일,5月30日
오월 삼십 일일,5月31日
육월 일일,6月1日
육월 이일,6月2日
육월 삼일,6月3日
육월 사일,6月4日
육월 오일,6月5日
육월 육일,6月6日
육월 칠일,6月7日
육월 팔일,6月8日
육월 구일,6月9日
육월 일십일,6月10日
육월 일십 일일,6月11日
육월 일십 이일,6月12日
육월 일십 삼일,6月13日
육월 일십 사일,6月14日
육월 일십 오일,6月15日
육월 일십 육일,6月16日
육월 일십 칠일,6月17日
육월 일십 팔일,6月18日
육월 일십 구일,6月19日
육월 이십일,6月20日
육월 이십 일일,6月21日
육월 이십 이일,6月22日
육월 이십 삼일,6月23日
육월 이십 사일,6月24日
육월 이십 오일,6月25日
육월 이십 육일,6月26日
육월 이십 칠일,6月27日
육월 이십 팔일,6月28日
육월 이십 구일,6月29日
육월 삼십일,6月30日
칠월 일일,7月1日
칠월 이일,7月2日
칠월 삼일,7月3日
칠월 사일,7月4日
칠월 오일,7月5日
칠월 육일,7月6日
칠월 칠일,7月7日
칠월 팔일,7月8日
칠월 구일,7月9日
칠월 일십일,7月10日
칠월 일십 일일,7月11日
칠월 일십 이일,7月12日
칠월 일십 삼일,7月13日
칠월 일십 사일,7月14日
칠월 일십 오일,7月15日
칠월 일십 육일,7月16日
칠월 일십 칠일,7月17日
칠월 일십 팔일,7月18日
칠월 일십 구일,7月19日
칠월 이십일,7月20日
칠월 이십 일일,7月21日
칠월 이십 이일,7月22日
칠월 이십 삼일,7月23日
칠월 이십 사일,7月24日
칠월 이십 오일,7月25日
칠월 이십 육일,7月26日
칠월 이십 칠일,7月27日
칠월 이십 팔일,7月28日
칠월 이십 구일,7月29日
칠월 삼십일,7月30日
칠월 삼십 일일,7月31日
팔월 일일,8月1日
팔월 이일,8月2日
팔월 삼일,8月3日
팔월 사일,8月4日
팔월 오일,8月5日
팔월 육일,8月6日
팔월 칠일,8月7日
팔월 팔일,8月8日
팔월 구일,8月9日
팔월 일십일,8月10日
팔월 일십 일일,8月11日
팔월 일십 이일,8月12日
팔월 일십 삼일,8月13日
팔월 일십 사일,8月14日
팔월 일십 오일,8月15日
팔월 일십 육일,8月16日
팔월 일십 칠일,8月17日
팔월 일십 팔일,8月18日
팔월 일십 구일,8月19日
팔월 이십일,8月20日
팔월 이십 일일,8月21日
팔월 이십 이일,8月22日
팔월 이십 삼일,8月23日
팔월 이십 사일,8月24日
팔월 이십 오일,8月25日
팔월 이십 육일,8月26日
팔월 이십 칠일,8月27日
팔월 이십 팔일,8月28日
팔월 이십 구일,8月29日
팔월 삼십일,8月30日
팔월 삼십 일일,8月31日
구월 일일,9月1日
구월 이일,9月2日
구월 삼일,9月3日
구월 사일,9月4日
구월 오일,9月5日
구월 육일,9月6日
구월 칠일,9月7日
구월 팔일,9月8日
구월 구일,9月9日
구월 일십일,9月10日
구월 일십 일일,9月11日
구월 일십 이일,9月12日
구월 일십 삼일,9月13日
구월 일십 사일,9月14日
구월 일십 오일,9月15日
구월 일십 육일,9月16日
구월 일십 칠일,9月17日
구월 일십 팔일,9月18日
구월 일십 구일,9月19日
구월 이십일,9月20日
구월 이십 일일,9月21日
구월 이십 이일,9月22日
구월 이십 삼일,9月23日
구월 이십 사일,9月24日
구월 이십 오일,9月25日
구월 이십 육일,9月26日
구월 이십 칠일,9月27日
구월 이십 팔일,9月28日
구월 이십 구일,9月29日
구월 삼십일,9月30日
일십월 일일,10月1日
일십월 이일,10月2日
일십월 삼일,10月3日
일십월 사일,10月4日
일십월 오일,10月5日
일십월 육일,10月6日
일십월 칠일,10月7日
일십월 팔일,10月8日
일십월 구일,10月9日
일십월 일십일,10月10日
일십월 일십 일일,10月11日
일십월 일십 이일,10月12日
일십월 일십 삼일,10月13日
일십월 일십 사일,10月14日
일십월 일십 오일,10月15日
일십월 일십 육일,10月16日
일십월 일십 칠일,10月17日
일십월 일십 팔일,10月18日
일십월 일십 구일,10月19日
일십월 이십일,10月20日
일십월 이십 일일,10月21日
일십월 이십 이일,10月22日
일십월 이십 삼일,10月23日
일십월 이십 사일,10月24日
일십월 이십 오일,10月25日
일십월 이십 육일,10月26日
일십월 이십 칠일,10月27日
일십월 이십 팔일,10月28日
일십월 이십 구일,10月29日
일십월 삼십일,10月30日
일십월 삼십 일일,10月31日
일십 일월 일일,11月1日
일십 일월 이일,11月2日
일십 일월 삼일,11月3日
일십 일월 사일,11月4日
일십 일월 오일,11月5日
일십 일월 육일,11月6日
일십 일월 칠일,11月7日
일십 일월 팔일,11月8日
일십 일월 구일,11月9日
일십 일월 일십일,11月10日
일십 일월 일십 일일,11月11日
일십 일월 일십 이일,11月12日
일십 일월 일십 삼일,11月13日
일십 일월 일십 사일,11月14日
일십 일월 일십 오일,11月15日
일십 일월 일십 육일,11月16日
일십 일월 일십 칠일,11月17日
일십 일월 일십 팔일,11月18日
일십 일월 일십 구일,11月19日
일십 일월 이십일,11月20日
일십 일월 이십 일일,11月21日
일십 일월 이십 이일,11月22日
일십 일월 이십 삼일,11月23日
일십 일월 이십 사일,11月24日
일십 일월 이십 오일,11月25日
일십 일월 이십 육일,11月26日
일십 일월 이십 칠일,11月27日
일십 일월 이십 팔일,11月28日
일십 일월 이십 구일,11月29日
일십 일월 삼십일,11月30日
일십 이월 일일,12月1日
일십 이월 이일,12月2日
일십 이월 삼일,12月3日
일십 이월 사일,12月4日
일십 이월 오일,12月5日
일십 이월 육일,12月6日
일십 이월 칠일,12月7日
일십 이월 팔일,12月8日
일십 이월 구일,12月9日
일십 이월 일십일,12月10日
일십 이월 일십 일일,12月11日
일십 이월 일십 이일,12月12日
일십 이월 일십 삼일,12月13日
일십 이월 일십 사일,12月14日
일십 이월 일십 오일,12月15日
일십 이월 일십 육일,12月16日
일십 이월 일십 칠일,12月17日
일십 이월 일십 팔일,12月18日
일십 이월 일십 구일,12月19日
일십 이월 이십일,12月20日
일십 이월 이십 일일,12月21日
일십 이월 이십 이일,12月22日
일십 이월 이십 삼일,12月23日
일십 이월 이십 사일,12月24日
일십 이월 이십 오일,12月25日
일십 이월 이십 육일,12月26日
일십 이월 이십 칠일,12月27日
일십 이월 이십 팔일,12月28日
일십 이월 이십 구일,12月29日
일십 이월 삼십일,12月30日
일십 이월 삼십 일일,12月31日